Keyword,Text,Replace after Typing Space,Position,Randomize,Folder
",,joy",(* ^ ω ^),FALSE,1,TRUE,Kaomoji
",,joy",(o^▽^o),FALSE,2,TRUE,Kaomoji
",,joy",ヽ(・∀・)ﾉ,FALSE,3,TRUE,Kaomoji
",,joy",(o･ω･o),FALSE,4,TRUE,Kaomoji
",,joy",(^人^),FALSE,5,TRUE,Kaomoji
",,joy",( ´ ω ` ),FALSE,6,TRUE,Kaomoji
",,joy",(´• ω •`),FALSE,7,TRUE,Kaomoji
",,joy",╰(▔∀▔)╯,FALSE,8,TRUE,Kaomoji
",,joy",(✯◡✯),FALSE,9,TRUE,Kaomoji
",,joy",(⌒‿⌒),FALSE,10,TRUE,Kaomoji
",,joy",(*°▽°*),FALSE,11,TRUE,Kaomoji
",,joy",(´｡• ᵕ •｡`),FALSE,12,TRUE,Kaomoji
",,joy",ヽ(>∀<☆)ノ,FALSE,13,TRUE,Kaomoji
",,joy",＼(￣▽￣)／,FALSE,14,TRUE,Kaomoji
",,joy",(o˘◡˘o),FALSE,15,TRUE,Kaomoji
",,joy",(╯✧▽✧)╯,FALSE,16,TRUE,Kaomoji
",,joy",( ‾́ ◡ ‾́ ),FALSE,17,TRUE,Kaomoji
",,joy",(๑˘︶˘๑),FALSE,18,TRUE,Kaomoji
",,joy",(´･ᴗ･ ` ),FALSE,19,TRUE,Kaomoji
",,joy",(⁀ᗢ⁀),FALSE,20,TRUE,Kaomoji
",,joy",( ˙▿˙ ),FALSE,21,TRUE,Kaomoji
",,joy",(´ ∀ ` *),FALSE,22,TRUE,Kaomoji
",,joy",(⌒▽⌒)☆,FALSE,23,TRUE,Kaomoji
",,joy",(´｡• ω •｡`),FALSE,24,TRUE,Kaomoji
",,joy",(＠＾◡＾),FALSE,25,TRUE,Kaomoji
",,joy",(o´▽`o),FALSE,26,TRUE,Kaomoji
",,joy",(((o(*°▽°*)o))),FALSE,27,TRUE,Kaomoji
",,joy",(＾▽＾),FALSE,28,TRUE,Kaomoji
",,joy",(─‿‿─),FALSE,29,TRUE,Kaomoji
",,joy",(◕‿◕),FALSE,30,TRUE,Kaomoji
",,joy",＼(≧▽≦)／,FALSE,31,TRUE,Kaomoji
",,joy",٩(｡•́‿•̀｡)۶,FALSE,32,TRUE,Kaomoji
",,joy",( ´ ▽ ` ),FALSE,33,TRUE,Kaomoji
",,joy",o(≧▽≦)o,FALSE,34,TRUE,Kaomoji
",,joy",(*¯︶¯*),FALSE,35,TRUE,Kaomoji
",,joy",\(★ω★)/,FALSE,36,TRUE,Kaomoji
",,joy",o(>ω<)o,FALSE,37,TRUE,Kaomoji
",,joy",(ﾉ´ヮ`)ﾉ*: ･ﾟ,FALSE,38,TRUE,Kaomoji
",,joy",( ˙꒳​˙ ),FALSE,39,TRUE,Kaomoji
",,joy",(ﾉ◕ヮ◕)ﾉ*:･ﾟ✧,FALSE,40,TRUE,Kaomoji
",,joy",(￢‿￢ ),FALSE,41,TRUE,Kaomoji
",,joy",(¯▿¯),FALSE,42,TRUE,Kaomoji
",,joy",٩(◕‿◕｡)۶,FALSE,43,TRUE,Kaomoji
",,joy",<(￣︶￣)>,FALSE,44,TRUE,Kaomoji
",,joy",(￣ω￣),FALSE,45,TRUE,Kaomoji
",,joy",ヽ(*・ω・)ﾉ,FALSE,46,TRUE,Kaomoji
",,joy",(*´▽`*),FALSE,47,TRUE,Kaomoji
",,joy",(≧◡≦),FALSE,48,TRUE,Kaomoji
",,joy",(⌒ω⌒),FALSE,49,TRUE,Kaomoji
",,joy",(*^‿^*),FALSE,50,TRUE,Kaomoji
",,joy",(*≧ω≦*),FALSE,51,TRUE,Kaomoji
",,joy",ヽ(o＾▽＾o)ノ,FALSE,52,TRUE,Kaomoji
",,joy",(✧ω✧),FALSE,53,TRUE,Kaomoji
",,joy",(￣▽￣),FALSE,54,TRUE,Kaomoji
",,joy",(☆ω☆),FALSE,55,TRUE,Kaomoji
",,joy",＼(＾▽＾)／,FALSE,56,TRUE,Kaomoji
",,joy",\(^ヮ^)/,FALSE,57,TRUE,Kaomoji
",,joy",o( ❛ᴗ❛ )o,FALSE,58,TRUE,Kaomoji
",,joy",(b ᵔ▽ᵔ)b,FALSE,59,TRUE,Kaomoji
",,joy",(*꒦ິ꒳꒦ີ),FALSE,60,TRUE,Kaomoji
",,joy",(„• ֊ •„),FALSE,61,TRUE,Kaomoji
",,joy",(¬‿¬ ),FALSE,62,TRUE,Kaomoji
",,joy",( ◕▿◕ ),FALSE,63,TRUE,Kaomoji
",,joy",☆*:.｡.o(≧▽≦)o.｡.:*☆,FALSE,64,TRUE,Kaomoji
",,joy",。.:☆*:･'(*⌒―⌒*))),FALSE,65,TRUE,Kaomoji
",,joy",｀;:゛;｀;･(°ε° ),FALSE,66,TRUE,Kaomoji
",,joy",(o_ _)ﾉ彡☆,FALSE,67,TRUE,Kaomoji
",,joy",｡ﾟ( ﾟ^∀^ﾟ)ﾟ｡,FALSE,68,TRUE,Kaomoji
",,joy",(o´∀`o),FALSE,69,TRUE,Kaomoji
",,joy",∑d(°∀°d),FALSE,70,TRUE,Kaomoji
",,joy",ヽ(o^ ^o)ﾉ,FALSE,71,TRUE,Kaomoji
",,joy",(☆▽☆),FALSE,72,TRUE,Kaomoji
",,joy",☆ ～('▽^人),FALSE,73,TRUE,Kaomoji
",,joy",ヽ(*⌒▽⌒*)ﾉ,FALSE,74,TRUE,Kaomoji
",,joy",╰(*´︶`*)╯,FALSE,75,TRUE,Kaomoji
",,joy",(っ˘ω˘ς ),FALSE,76,TRUE,Kaomoji
",,joy",٩(◕‿◕)۶,FALSE,77,TRUE,Kaomoji
",,joy",(〃＾▽＾〃),FALSE,78,TRUE,Kaomoji
",,joy",｡ﾟ(TヮT)ﾟ｡,FALSE,79,TRUE,Kaomoji
",,joy",(๑˃ᴗ˂)ﻭ,FALSE,80,TRUE,Kaomoji
",,joy",°˖✧◝(⁰▿⁰)◜✧˖°,FALSE,81,TRUE,Kaomoji
",,joy",(.❛ ᴗ ❛.),FALSE,82,TRUE,Kaomoji
",,joy",(*￣▽￣)b,FALSE,83,TRUE,Kaomoji
",,joy",＼(٥⁀▽⁀ )／,FALSE,84,TRUE,Kaomoji
",,love",(ﾉ´ з `)ノ,FALSE,1,TRUE,Kaomoji
",,love",(♡-_-♡),FALSE,2,TRUE,Kaomoji
",,love",(─‿‿─)♡,FALSE,3,TRUE,Kaomoji
",,love",(´ ω `♡),FALSE,4,TRUE,Kaomoji
",,love",(ღ˘⌣˘ღ),FALSE,5,TRUE,Kaomoji
",,love",(´• ω •`) ♡,FALSE,6,TRUE,Kaomoji
",,love",╰(*´︶`*)╯♡,FALSE,7,TRUE,Kaomoji
",,love",(≧◡≦) ♡,FALSE,8,TRUE,Kaomoji
",,love",♡ (˘▽˘>ԅ( ˘⌣˘),FALSE,9,TRUE,Kaomoji
",,love",σ(≧ε≦σ) ♡,FALSE,10,TRUE,Kaomoji
",,love",(˘∀˘)/(μ‿μ) ❤,FALSE,11,TRUE,Kaomoji
",,love",Σ>―(〃°ω°〃)♡→,FALSE,12,TRUE,Kaomoji
",,love",(♡μ_μ),FALSE,13,TRUE,Kaomoji
",,love",(￣ε￣＠),FALSE,14,TRUE,Kaomoji
",,love",(´｡• ᵕ •｡`) ♡,FALSE,15,TRUE,Kaomoji
",,love",♡( ◡‿◡ ),FALSE,16,TRUE,Kaomoji
",,love",(♡°▽°♡),FALSE,17,TRUE,Kaomoji
",,love",(´ ε ` )♡,FALSE,18,TRUE,Kaomoji
",,love",(*˘︶˘*).｡.:*♡,FALSE,19,TRUE,Kaomoji
",,love",(⌒▽⌒)♡,FALSE,20,TRUE,Kaomoji
",,love",( ˘⌣˘)♡(˘⌣˘ ),FALSE,21,TRUE,Kaomoji
",,love",♡ (⇀ 3 ↼),FALSE,22,TRUE,Kaomoji
",,love",❤ (ɔˆз(ˆ⌣ˆc),FALSE,23,TRUE,Kaomoji
",,love","(´,,•ω•,,)♡",FALSE,24,TRUE,Kaomoji
",,love",(*^^*)♡,FALSE,25,TRUE,Kaomoji
",,love",ヽ(♡‿♡)ノ,FALSE,26,TRUE,Kaomoji
",,love",(*♡∀♡),FALSE,27,TRUE,Kaomoji
",,love",(◕‿◕)♡,FALSE,28,TRUE,Kaomoji
",,love",♡(｡- ω -),FALSE,29,TRUE,Kaomoji
",,love",(´｡• ω •｡`) ♡,FALSE,30,TRUE,Kaomoji
",,love",(♡˙︶˙♡),FALSE,31,TRUE,Kaomoji
",,love",(*¯ ³¯*)♡,FALSE,32,TRUE,Kaomoji
",,love",(/^-^(^ ^*)/ ♡,FALSE,33,TRUE,Kaomoji
",,love",♡ (￣З￣),FALSE,34,TRUE,Kaomoji
",,love",(´♡‿♡`),FALSE,35,TRUE,Kaomoji
",,love",(´꒳`)♡,FALSE,36,TRUE,Kaomoji
",,love",☆⌒ヽ(*'､^*)chu,FALSE,37,TRUE,Kaomoji
",,love",( ´ ∀ `)ノ～ ♡,FALSE,38,TRUE,Kaomoji
",,love",(｡・//ε//・｡),FALSE,39,TRUE,Kaomoji
",,love",(/▽＼*)｡o○♡,FALSE,40,TRUE,Kaomoji
",,love",♡ ～('▽^人),FALSE,41,TRUE,Kaomoji
",,love",( ´ ▽ ` ).｡ｏ♡,FALSE,42,TRUE,Kaomoji
",,love",♡＼(￣▽￣)／♡,FALSE,43,TRUE,Kaomoji
",,love",(っ˘з(˘⌣˘ ) ♡,FALSE,44,TRUE,Kaomoji
",,love",٩(♡ε♡)۶,FALSE,45,TRUE,Kaomoji
",,love",(❤ω❤),FALSE,46,TRUE,Kaomoji
",,love",(°◡°♡),FALSE,47,TRUE,Kaomoji
",,embarrass",(⌒_⌒;),FALSE,1,TRUE,Kaomoji
",,embarrass",(*/_＼),FALSE,2,TRUE,Kaomoji
",,embarrass",( ◡‿◡ *),FALSE,3,TRUE,Kaomoji
",,embarrass",(//ω//),FALSE,4,TRUE,Kaomoji
",,embarrass",(￣▽￣*)ゞ,FALSE,5,TRUE,Kaomoji
",,embarrass",(„ಡωಡ„),FALSE,6,TRUE,Kaomoji
",,embarrass",(o^ ^o),FALSE,7,TRUE,Kaomoji
",,embarrass",(*ﾉωﾉ),FALSE,8,TRUE,Kaomoji
",,embarrass",(ᵔ.ᵔ),FALSE,9,TRUE,Kaomoji
",,embarrass",(ノ*°▽°*),FALSE,10,TRUE,Kaomoji
",,embarrass",(⁄ ⁄•⁄ω⁄•⁄ ⁄),FALSE,11,TRUE,Kaomoji
",,embarrass",(ง ื▿ ื)ว,FALSE,12,TRUE,Kaomoji
",,embarrass",(*/ω＼),FALSE,13,TRUE,Kaomoji
",,embarrass",(o-_-o),FALSE,14,TRUE,Kaomoji
",,embarrass",(*ﾉ∀`*),FALSE,15,TRUE,Kaomoji
",,embarrass",(*^.^*),FALSE,16,TRUE,Kaomoji
",,embarrass",(*/▽＼*),FALSE,17,TRUE,Kaomoji
",,embarrass",( 〃▽〃),FALSE,18,TRUE,Kaomoji
",,embarrass",(*/。＼),FALSE,19,TRUE,Kaomoji
",,embarrass",(*μ_μ),FALSE,20,TRUE,Kaomoji
",,embarrass",(//▽//),FALSE,21,TRUE,Kaomoji
",,embarrass",(*ﾉ▽ﾉ),FALSE,22,TRUE,Kaomoji
",,embarrass",(⁄ ⁄>⁄ ▽ ⁄<⁄ ⁄),FALSE,23,TRUE,Kaomoji
",,embarrass",(/▿＼ ),FALSE,24,TRUE,Kaomoji
",,sympathy",(ノ_<。)ヾ(´ ▽ ` ),FALSE,1,TRUE,Kaomoji
",,sympathy",ヽ(￣ω￣(。。 )ゝ,FALSE,2,TRUE,Kaomoji
",,sympathy",(ﾉ_；)ヾ(´ ∀ ` ),FALSE,3,TRUE,Kaomoji
",,sympathy",(´-ω-`( _ _ ),FALSE,4,TRUE,Kaomoji
",,sympathy",｡･ﾟ･(ﾉД`)ヽ(￣ω￣ ),FALSE,5,TRUE,Kaomoji
",,sympathy",(*´ I `)ﾉﾟ(ﾉД｀ﾟ)ﾟ｡,FALSE,6,TRUE,Kaomoji
",,sympathy",(; ω ; )ヾ(´∀`* ),FALSE,7,TRUE,Kaomoji
",,sympathy",(っ´ω`)ﾉ(╥ω╥),FALSE,8,TRUE,Kaomoji
",,sympathy",ρ(- ω -、)ヾ(￣ω￣; ),FALSE,9,TRUE,Kaomoji
",,sympathy",ヽ(~_~(・_・ )ゝ,FALSE,10,TRUE,Kaomoji
",,sympathy",(*´ー)ﾉ(ノд`),FALSE,11,TRUE,Kaomoji
",,sympathy",(ｏ・_・)ノ”(ノ_<、),FALSE,12,TRUE,Kaomoji
",,dissatisfaction",(＃＞＜),FALSE,1,TRUE,Kaomoji
",,dissatisfaction",(；￣Д￣),FALSE,2,TRUE,Kaomoji
",,dissatisfaction",(￢_￢;),FALSE,3,TRUE,Kaomoji
",,dissatisfaction",(＾＾＃),FALSE,4,TRUE,Kaomoji
",,dissatisfaction",(￣︿￣),FALSE,5,TRUE,Kaomoji
",,dissatisfaction",ヾ( ￣O￣)ツ,FALSE,6,TRUE,Kaomoji
",,dissatisfaction",(ᗒᗣᗕ)՞,FALSE,7,TRUE,Kaomoji
",,dissatisfaction",(；⌣̀_⌣́),FALSE,8,TRUE,Kaomoji
",,dissatisfaction",(￣□￣」),FALSE,9,TRUE,Kaomoji
",,dissatisfaction",(＞ｍ＜),FALSE,10,TRUE,Kaomoji
",,dissatisfaction",(︶︹︺),FALSE,11,TRUE,Kaomoji
",,dissatisfaction",(＞﹏＜),FALSE,12,TRUE,Kaomoji
",,dissatisfaction",(⇀‸↼‶),FALSE,13,TRUE,Kaomoji
",,dissatisfaction",(눈_눈),FALSE,14,TRUE,Kaomoji
",,dissatisfaction",☆ｏ(＞＜；)○,FALSE,15,TRUE,Kaomoji
",,dissatisfaction",(＃￣0￣),FALSE,16,TRUE,Kaomoji
",,dissatisfaction",(」°ロ°)」,FALSE,17,TRUE,Kaomoji
",,dissatisfaction",(￣ヘ￣),FALSE,18,TRUE,Kaomoji
",,dissatisfaction",(--_--),FALSE,19,TRUE,Kaomoji
",,dissatisfaction",o(>< )o,FALSE,20,TRUE,Kaomoji
",,dissatisfaction",(￣ ￣|||),FALSE,21,TRUE,Kaomoji
",,dissatisfaction",(＃￣ω￣),FALSE,22,TRUE,Kaomoji
",,dissatisfaction",(〃＞＿＜;〃),FALSE,23,TRUE,Kaomoji
",,dissatisfaction",<(￣ ﹌ ￣)>,FALSE,24,TRUE,Kaomoji
",,dissatisfaction",凸(￣ヘ￣),FALSE,25,TRUE,Kaomoji
",,dissatisfaction",(」＞＜)」,FALSE,26,TRUE,Kaomoji
",,anger",( ` ω ´ ),FALSE,1,TRUE,Kaomoji
",,anger",(・`ω´・),FALSE,2,TRUE,Kaomoji
",,anger",( `ε´ ),FALSE,3,TRUE,Kaomoji
",,anger",(ﾒ` ﾛ ´),FALSE,4,TRUE,Kaomoji
",,anger",Σ(▼□▼メ),FALSE,5,TRUE,Kaomoji
",,anger",(҂ `з´ ),FALSE,6,TRUE,Kaomoji
",,anger",٩(╬ʘ益ʘ╬)۶,FALSE,7,TRUE,Kaomoji
",,anger",↑_(ΦwΦ)Ψ,FALSE,8,TRUE,Kaomoji
",,anger",(ﾉಥ益ಥ)ﾉ,FALSE,9,TRUE,Kaomoji
",,anger",ヽ( `д´*)ノ,FALSE,10,TRUE,Kaomoji
",,anger",(`ー´),FALSE,11,TRUE,Kaomoji
",,anger",ψ( ` ∇ ´ )ψ,FALSE,12,TRUE,Kaomoji
",,anger",(╬`益´),FALSE,13,TRUE,Kaomoji
",,anger",(°ㅂ°╬),FALSE,14,TRUE,Kaomoji
",,anger",(‡▼益▼),FALSE,15,TRUE,Kaomoji
",,anger",(╬ Ò﹏Ó),FALSE,16,TRUE,Kaomoji
",,anger",←~(Ψ▼ｰ▼)∈,FALSE,17,TRUE,Kaomoji
",,anger",ヽ(`⌒´メ)ノ,FALSE,18,TRUE,Kaomoji
",,anger",ヾ(`ヘ´)ﾉﾞ,FALSE,19,TRUE,Kaomoji
",,anger",┌∩┐(◣_◢)┌∩┐,FALSE,20,TRUE,Kaomoji
",,anger",ψ(▼へ▼メ)～→,FALSE,21,TRUE,Kaomoji
",,anger",(҂` ﾛ ´)凸,FALSE,22,TRUE,Kaomoji
",,anger",＼＼٩(๑`^´๑)۶／／,FALSE,23,TRUE,Kaomoji
",,anger",୧((#Φ益Φ#))୨,FALSE,24,TRUE,Kaomoji
",,anger",凸(`△´＃),FALSE,25,TRUE,Kaomoji
",,anger",ヽ(‵﹏´)ノ,FALSE,26,TRUE,Kaomoji
",,anger",凸( ` ﾛ ´ )凸,FALSE,27,TRUE,Kaomoji
",,anger",(ノ°益°)ノ,FALSE,28,TRUE,Kaomoji
",,anger",((╬◣﹏◢)),FALSE,29,TRUE,Kaomoji
",,anger",(凸ಠ益ಠ)凸,FALSE,30,TRUE,Kaomoji
",,anger",٩(ఠ益ఠ)۶,FALSE,31,TRUE,Kaomoji
",,sadness",(ノ_<。),FALSE,1,TRUE,Kaomoji
",,sadness",(μ_μ),FALSE,2,TRUE,Kaomoji
",,sadness",o(TヘTo),FALSE,3,TRUE,Kaomoji
",,sadness",( ﾟ，_ゝ｀),FALSE,4,TRUE,Kaomoji
",,sadness",( ╥ω╥ ),FALSE,5,TRUE,Kaomoji
",,sadness",(／ˍ・、),FALSE,6,TRUE,Kaomoji
",,sadness",(つω`｡),FALSE,7,TRUE,Kaomoji
",,sadness",(T_T),FALSE,8,TRUE,Kaomoji
",,sadness",o(〒﹏〒)o,FALSE,9,TRUE,Kaomoji
",,sadness",(-_-),FALSE,10,TRUE,Kaomoji
",,sadness",(ﾉД`),FALSE,11,TRUE,Kaomoji
",,sadness",( ; ω ; ),FALSE,12,TRUE,Kaomoji
",,sadness",(个_个),FALSE,13,TRUE,Kaomoji
",,sadness",(╯_╰),FALSE,14,TRUE,Kaomoji
",,sadness",(ノ_<、),FALSE,15,TRUE,Kaomoji
",,sadness",(｡T ω T｡),FALSE,16,TRUE,Kaomoji
",,sadness",(>_<),FALSE,17,TRUE,Kaomoji
",,sadness",(｡•́︿•̀｡),FALSE,18,TRUE,Kaomoji
",,sadness",(´-ω-`),FALSE,19,TRUE,Kaomoji
",,sadness",(-ω-、),FALSE,20,TRUE,Kaomoji
",,sadness",(｡╯︵╰｡),FALSE,21,TRUE,Kaomoji
",,sadness","(╯︵╰,)",FALSE,22,TRUE,Kaomoji
",,sadness",(╥_╥),FALSE,23,TRUE,Kaomoji
",,sadness",(╥﹏╥),FALSE,24,TRUE,Kaomoji
",,sadness",(ﾉω･､),FALSE,25,TRUE,Kaomoji
",,sadness",(っ˘̩╭╮˘̩)っ,FALSE,26,TRUE,Kaomoji
",,sadness",(ಥ﹏ಥ),FALSE,27,TRUE,Kaomoji
",,sadness",.･ﾟﾟ･(／ω＼)･ﾟﾟ･.,FALSE,28,TRUE,Kaomoji
",,sadness",。゜゜(´Ｏ`) ゜゜。,FALSE,29,TRUE,Kaomoji
",,sadness",｡･ﾟﾟ*(>д<)*ﾟﾟ･｡,FALSE,30,TRUE,Kaomoji
",,sadness",｡･ﾟ(ﾟ><ﾟ)ﾟ･｡,FALSE,31,TRUE,Kaomoji
",,sadness",.｡･ﾟﾟ･(＞_＜)･ﾟﾟ･｡.,FALSE,32,TRUE,Kaomoji
",,sadness",｡ﾟ(｡ﾉωヽ｡)ﾟ｡,FALSE,33,TRUE,Kaomoji
",,sadness",･ﾟ･(｡>ω<｡)･ﾟ･,FALSE,34,TRUE,Kaomoji
",,sadness",｡ﾟ･ (>﹏<) ･ﾟ｡,FALSE,35,TRUE,Kaomoji
",,pain",~(>_<~),FALSE,1,TRUE,Kaomoji
",,pain",(×_×),FALSE,2,TRUE,Kaomoji
",,pain",(×﹏×),FALSE,3,TRUE,Kaomoji
",,pain",٩(× ×)۶,FALSE,4,TRUE,Kaomoji
",,pain",☆⌒(> _ <),FALSE,5,TRUE,Kaomoji
",,pain",(x_x),FALSE,6,TRUE,Kaomoji
",,pain",☆(＃××),FALSE,7,TRUE,Kaomoji
",,pain",_:(´ཀ`」 ∠):_,FALSE,8,TRUE,Kaomoji
",,pain",☆⌒(>。<),FALSE,9,TRUE,Kaomoji
",,pain",(×_×)⌒☆,FALSE,10,TRUE,Kaomoji
",,pain",(＋_＋),FALSE,11,TRUE,Kaomoji
",,pain",(☆_@),FALSE,12,TRUE,Kaomoji
",,pain",(x_x)⌒☆,FALSE,13,TRUE,Kaomoji
",,pain",[ ± _ ± ],FALSE,14,TRUE,Kaomoji
",,fear",(ノωヽ),FALSE,1,TRUE,Kaomoji
",,fear",(″ロ゛),FALSE,2,TRUE,Kaomoji
",,fear",(/ω＼),FALSE,3,TRUE,Kaomoji
",,fear",(((＞＜))),FALSE,4,TRUE,Kaomoji
",,fear",▓▒░(°◡°)░▒▓,FALSE,5,TRUE,Kaomoji
",,fear",(／。＼),FALSE,6,TRUE,Kaomoji
",,fear",(;;;*_*),FALSE,7,TRUE,Kaomoji
",,fear",(/_＼),FALSE,8,TRUE,Kaomoji
",,fear",{{ (>_<) }},FALSE,9,TRUE,Kaomoji
",,fear",(ﾉ_ヽ),FALSE,10,TRUE,Kaomoji
",,fear",(・人・),FALSE,11,TRUE,Kaomoji
",,fear",〜(＞＜)〜,FALSE,12,TRUE,Kaomoji
",,fear",＼(º □ º l|l)/,FALSE,13,TRUE,Kaomoji
",,fear",..・ヾ(。＞＜)シ,FALSE,14,TRUE,Kaomoji
",,fear",＼(〇_ｏ)／,FALSE,15,TRUE,Kaomoji
",,fear",Σ(°△°|||)︴,FALSE,16,TRUE,Kaomoji
",,fear",〣( ºΔº )〣,FALSE,17,TRUE,Kaomoji
",,whatever",ヽ(ー_ー )ノ,FALSE,1,TRUE,Kaomoji
",,whatever",┐(￣ヘ￣)┌,FALSE,2,TRUE,Kaomoji
",,whatever",┐(￣～￣)┌,FALSE,3,TRUE,Kaomoji
",,whatever",┐( ´ д ` )┌,FALSE,4,TRUE,Kaomoji
",,whatever",╮(︶▽︶)╭,FALSE,5,TRUE,Kaomoji
",,whatever",┐(￣ヮ￣)┌,FALSE,6,TRUE,Kaomoji
",,whatever",ヽ(´ー` )┌,FALSE,7,TRUE,Kaomoji
",,whatever",ヽ(￣～￣ )ノ,FALSE,8,TRUE,Kaomoji
",,whatever",┐(︶▽︶)┌,FALSE,9,TRUE,Kaomoji
",,whatever",╮(︶︿︶)╭,FALSE,10,TRUE,Kaomoji
",,whatever",╮( ˘ ､ ˘ )╭,FALSE,11,TRUE,Kaomoji
",,whatever",ᕕ( ᐛ )ᕗ,FALSE,12,TRUE,Kaomoji
",,whatever",┐(‘～` )┌,FALSE,13,TRUE,Kaomoji
",,whatever",╮(￣_￣)╭,FALSE,14,TRUE,Kaomoji
",,whatever",╮(￣～￣)╭,FALSE,15,TRUE,Kaomoji
",,whatever",┐(￣∀￣)┌,FALSE,16,TRUE,Kaomoji
",,whatever",┐( ˘_˘ )┌,FALSE,17,TRUE,Kaomoji
",,whatever",ヽ( ￣д￣)ノ,FALSE,18,TRUE,Kaomoji
",,whatever",ヽ(ˇヘˇ)ノ,FALSE,19,TRUE,Kaomoji
",,whatever",¯\_(ツ)_/¯,FALSE,20,TRUE,Kaomoji
",,whatever",┐( ˘ ､ ˘ )┌,FALSE,21,TRUE,Kaomoji
",,whatever",╮( ˘_˘ )╭,FALSE,22,TRUE,Kaomoji
",,confuse",(￣ω￣;),FALSE,1,TRUE,Kaomoji
",,confuse",┐('～`;)┌,FALSE,2,TRUE,Kaomoji
",,confuse",(・_・;),FALSE,3,TRUE,Kaomoji
",,confuse",(＠_＠),FALSE,4,TRUE,Kaomoji
",,confuse",(•ิ_•ิ)?,FALSE,5,TRUE,Kaomoji
",,confuse","ლ(¯ロ¯""ლ)",FALSE,6,TRUE,Kaomoji
",,confuse",σ(￣、￣〃),FALSE,7,TRUE,Kaomoji
",,confuse",(・_・ヾ,FALSE,8,TRUE,Kaomoji
",,confuse",(￣_￣)・・・,FALSE,9,TRUE,Kaomoji
",,confuse",(・・;)ゞ,FALSE,10,TRUE,Kaomoji
",,confuse",(◎ ◎)ゞ,FALSE,11,TRUE,Kaomoji
",,confuse",(¯ . ¯٥),FALSE,12,TRUE,Kaomoji
",,confuse",(￣～￣;),FALSE,13,TRUE,Kaomoji
",,confuse",(〃￣ω￣〃ゞ,FALSE,14,TRUE,Kaomoji
",,confuse",╮(￣ω￣;)╭,FALSE,15,TRUE,Kaomoji
",,confuse",Σ(￣。￣ﾉ),FALSE,16,TRUE,Kaomoji
",,confuse",(ーー;),FALSE,17,TRUE,Kaomoji
",,confuse",(¯ ¯٥),FALSE,18,TRUE,Kaomoji
",,confuse",(-_-;)・・・,FALSE,19,TRUE,Kaomoji
",,confuse",┐(￣ヘ￣;)┌,FALSE,20,TRUE,Kaomoji
",,confuse",(¯ . ¯;),FALSE,21,TRUE,Kaomoji
",,confuse",(・・ ) ?,FALSE,22,TRUE,Kaomoji
",,confuse",ლ(ಠ_ಠ ლ),FALSE,23,TRUE,Kaomoji
",,doubt",(￢_￢),FALSE,1,TRUE,Kaomoji
",,doubt",(¬_¬ ),FALSE,2,TRUE,Kaomoji
",,doubt",(↼_↼),FALSE,3,TRUE,Kaomoji
",,doubt",(→_→),FALSE,4,TRUE,Kaomoji
",,doubt",(←_←),FALSE,5,TRUE,Kaomoji
",,doubt",(⇀_⇀),FALSE,6,TRUE,Kaomoji
",,doubt",(￢ ￢),FALSE,7,TRUE,Kaomoji
",,doubt",(¬ ¬ ),FALSE,8,TRUE,Kaomoji
",,doubt",(ᓀ ᓀ),FALSE,9,TRUE,Kaomoji
",,doubt",(￢‿￢ ),FALSE,10,TRUE,Kaomoji
",,doubt",(¬‿¬ ),FALSE,11,TRUE,Kaomoji
",,shocked",w(°ｏ°)w,FALSE,1,TRUE,Kaomoji
",,shocked",(⊙_⊙),FALSE,2,TRUE,Kaomoji
",,shocked",(°ロ°) !,FALSE,3,TRUE,Kaomoji
",,shocked",∑(O_O;),FALSE,4,TRUE,Kaomoji
",,shocked",ヽ(°〇°)ﾉ,FALSE,5,TRUE,Kaomoji
",,shocked",(o_O),FALSE,6,TRUE,Kaomoji
",,shocked",(o_O) !,FALSE,7,TRUE,Kaomoji
",,shocked",( : ౦ ‸ ౦ : ),FALSE,8,TRUE,Kaomoji
",,shocked",Σ(O_O),FALSE,9,TRUE,Kaomoji
",,shocked",(O_O;),FALSE,10,TRUE,Kaomoji
",,shocked",(□_□),FALSE,11,TRUE,Kaomoji
",,shocked",Σ(°ロ°),FALSE,12,TRUE,Kaomoji
",,shocked",(O.O),FALSE,13,TRUE,Kaomoji
",,shocked",Σ(□_□),FALSE,14,TRUE,Kaomoji
",,greeting",(*・ω・)ﾉ,FALSE,1,TRUE,Kaomoji
",,greeting",(^-^*)/,FALSE,2,TRUE,Kaomoji
",,greeting",ヾ(*'▽'*),FALSE,3,TRUE,Kaomoji
",,greeting",(^０^)ノ,FALSE,4,TRUE,Kaomoji
",,greeting",(*°ｰ°)ﾉ,FALSE,5,TRUE,Kaomoji
",,greeting",(￣ω￣)/,FALSE,6,TRUE,Kaomoji
",,greeting",(≧▽≦)/,FALSE,7,TRUE,Kaomoji
",,greeting",(￣▽￣)ノ,FALSE,8,TRUE,Kaomoji
",,greeting",(＠´ー`)ﾉﾞ,FALSE,9,TRUE,Kaomoji
",,greeting",＼(⌒▽⌒),FALSE,10,TRUE,Kaomoji
",,greeting",~ヾ(・ω・),FALSE,11,TRUE,Kaomoji
",,greeting",(・_・)ノ,FALSE,12,TRUE,Kaomoji
",,greeting",( ´ ω ` )ノﾞ,FALSE,13,TRUE,Kaomoji
",,greeting",(✧∀✧)/,FALSE,14,TRUE,Kaomoji
",,greeting",(°▽°)/,FALSE,15,TRUE,Kaomoji
",,greeting",(´• ω •`)ﾉ,FALSE,16,TRUE,Kaomoji
",,greeting",ヾ(☆▽☆),FALSE,17,TRUE,Kaomoji
",,greeting",(・∀・)ノ,FALSE,18,TRUE,Kaomoji
",,greeting",(o´ω`o)ﾉ,FALSE,19,TRUE,Kaomoji
",,greeting",(⌒ω⌒)ﾉ,FALSE,20,TRUE,Kaomoji
",,greeting",(o´▽`o)ﾉ,FALSE,21,TRUE,Kaomoji
",,greeting",( ´ ∀ ` )ﾉ,FALSE,22,TRUE,Kaomoji
",,greeting",( ° ∀ ° )ﾉﾞ,FALSE,23,TRUE,Kaomoji
",,greeting",( ´ ▽ ` )ﾉ,FALSE,24,TRUE,Kaomoji
",,greeting",ヾ(・ω・*),FALSE,25,TRUE,Kaomoji
",,greeting",( ´ ▽ ` )/,FALSE,26,TRUE,Kaomoji
",,greeting",(o^ ^o)/,FALSE,27,TRUE,Kaomoji
",,greeting",(￣▽￣)/,FALSE,28,TRUE,Kaomoji
",,hugging",(づ￣ ³￣)づ,FALSE,1,TRUE,Kaomoji
",,hugging",(⊃｡•́‿•̀｡)⊃,FALSE,2,TRUE,Kaomoji
",,hugging",⊂(´• ω •`⊂),FALSE,3,TRUE,Kaomoji
",,hugging",( ~*-*)~,FALSE,4,TRUE,Kaomoji
",,hugging",(つ≧▽≦)つ,FALSE,5,TRUE,Kaomoji
",,hugging",(つ . •́ _ʖ •̀ .)つ,FALSE,6,TRUE,Kaomoji
",,hugging",⊂(･ω･*⊂),FALSE,7,TRUE,Kaomoji
",,hugging",(｡•̀ᴗ-)✧,FALSE,8,TRUE,Kaomoji
",,hugging",(つ✧ω✧)つ,FALSE,9,TRUE,Kaomoji
",,hugging",(っಠ‿ಠ)っ,FALSE,10,TRUE,Kaomoji
",,hugging",⊂(￣▽￣)⊃,FALSE,11,TRUE,Kaomoji
",,hugging",(づ ◕‿◕ )づ,FALSE,12,TRUE,Kaomoji
",,hugging",(づ◡﹏◡)づ,FALSE,13,TRUE,Kaomoji
",,hugging",⊂( ´ ▽ ` )⊃,FALSE,14,TRUE,Kaomoji
",,winking",(^_~),FALSE,1,TRUE,Kaomoji
",,winking",(>ω^),FALSE,2,TRUE,Kaomoji
",,winking",(^_<)〜☆,FALSE,3,TRUE,Kaomoji
",,winking",(^_<),FALSE,4,TRUE,Kaomoji
",,winking",(^.~),FALSE,5,TRUE,Kaomoji
",,winking",( ﾟｏ⌒),FALSE,6,TRUE,Kaomoji
",,winking",(~人^),FALSE,7,TRUE,Kaomoji
",,winking",(^人<)〜☆,FALSE,8,TRUE,Kaomoji
",,winking",(^_−)☆,FALSE,9,TRUE,Kaomoji
",,winking",(^_-)≡☆,FALSE,10,TRUE,Kaomoji
",,winking",(^_-),FALSE,11,TRUE,Kaomoji
",,winking",☆⌒(≧▽​° ),FALSE,12,TRUE,Kaomoji
",,winking",(･ω<)☆,FALSE,13,TRUE,Kaomoji
",,winking",(^ω~),FALSE,14,TRUE,Kaomoji
",,winking",( -_・),FALSE,15,TRUE,Kaomoji
",,winking",☆⌒(ゝ。∂),FALSE,16,TRUE,Kaomoji
",,winking",(^.~)☆,FALSE,17,TRUE,Kaomoji
",,apologizing",m(_ _)m,FALSE,1,TRUE,Kaomoji
",,apologizing",人(_ _*),FALSE,2,TRUE,Kaomoji
",,apologizing",(シ. .)シ,FALSE,3,TRUE,Kaomoji
",,apologizing",(シ_ _)シ,FALSE,4,TRUE,Kaomoji
",,apologizing",(*_ _)人,FALSE,5,TRUE,Kaomoji
",,apologizing",m(. .)m,FALSE,6,TRUE,Kaomoji
",,apologizing",m(_ _;m),FALSE,7,TRUE,Kaomoji
",,apologizing",<(_ _)>,FALSE,8,TRUE,Kaomoji
",,apologizing",(m;_ _)m,FALSE,9,TRUE,Kaomoji
",,nosebleeding",(*￣ii￣),FALSE,1,TRUE,Kaomoji
",,nosebleeding",(＾〃＾),FALSE,2,TRUE,Kaomoji
",,nosebleeding",(￣ﾊ￣*),FALSE,3,TRUE,Kaomoji
",,nosebleeding",(￣ ¨ヽ￣),FALSE,4,TRUE,Kaomoji
",,nosebleeding",\(￣ﾊ￣),FALSE,5,TRUE,Kaomoji
",,nosebleeding",(￣ ;￣),FALSE,6,TRUE,Kaomoji
",,nosebleeding",(＾་།＾),FALSE,7,TRUE,Kaomoji
",,nosebleeding",(￣ ;;￣),FALSE,8,TRUE,Kaomoji
",,hiding",|･ω･),FALSE,1,TRUE,Kaomoji
",,hiding",|д･),FALSE,2,TRUE,Kaomoji
",,hiding",┬┴┬┴┤･ω･)ﾉ,FALSE,3,TRUE,Kaomoji
",,hiding",|･д･)ﾉ,FALSE,4,TRUE,Kaomoji
",,hiding",ﾍ(･_|,FALSE,5,TRUE,Kaomoji
",,hiding",|_￣)),FALSE,6,TRUE,Kaomoji
",,hiding",┬┴┬┴┤( ͡° ͜ʖ├┬┴┬┴,FALSE,7,TRUE,Kaomoji
",,hiding",|ʘ‿ʘ)╯,FALSE,8,TRUE,Kaomoji
",,hiding",|ω･)ﾉ,FALSE,9,TRUE,Kaomoji
",,hiding",|▽//),FALSE,10,TRUE,Kaomoji
",,hiding",┬┴┬┴┤(･_├┬┴┬┴,FALSE,11,TRUE,Kaomoji
",,hiding",ヾ(･|,FALSE,12,TRUE,Kaomoji
",,hiding",┬┴┬┴┤(･_├┬┴┬┴,FALSE,13,TRUE,Kaomoji
",,hiding",|_・),FALSE,14,TRUE,Kaomoji
",,writing",__φ(．．),FALSE,1,TRUE,Kaomoji
",,writing",ヾ( `ー´)シφ__,FALSE,2,TRUE,Kaomoji
",,writing",( ^▽^)ψ__,FALSE,3,TRUE,Kaomoji
",,writing",( ￣ー￣)φ__,FALSE,4,TRUE,Kaomoji
",,writing",__〆(￣ー￣ ),FALSE,5,TRUE,Kaomoji
",,writing",....φ(︶▽︶)φ....,FALSE,6,TRUE,Kaomoji
",,writing",__φ(。。),FALSE,7,TRUE,Kaomoji
",,writing",....φ(・∀・*),FALSE,8,TRUE,Kaomoji
",,writing",( . .)φ__,FALSE,9,TRUE,Kaomoji
",,writing",__φ(．．;),FALSE,10,TRUE,Kaomoji
",,writing",___〆(・∀・),FALSE,11,TRUE,Kaomoji
",,writing",__φ(◎◎ヘ),FALSE,12,TRUE,Kaomoji
",,running",☆ﾐ(o*･ω･)ﾉ,FALSE,1,TRUE,Kaomoji
",,running",ε=ε=ε=ε=┌(;￣▽￣)┘,FALSE,2,TRUE,Kaomoji
",,running",ε===(っ≧ω≦)っ,FALSE,3,TRUE,Kaomoji
",,running",C= C= C= C= C=┌(;・ω・)┘,FALSE,4,TRUE,Kaomoji
",,running",ε=ε=┌( >_<)┘,FALSE,5,TRUE,Kaomoji
",,running",ヽ(￣д￣;)ノ=3=3=3,FALSE,6,TRUE,Kaomoji
",,running",─=≡Σ((( つ＞＜)つ,FALSE,7,TRUE,Kaomoji
",,running",C= C= C= C=┌( `ー´)┘,FALSE,8,TRUE,Kaomoji
",,running",。。。ミヽ(。＞＜)ノ,FALSE,9,TRUE,Kaomoji
",,sleeping",[(－－)]..zzZ,FALSE,1,TRUE,Kaomoji
",,sleeping",(￣o￣) zzZZzzZZ,FALSE,2,TRUE,Kaomoji
",,sleeping",(＿ ＿*) Z z z,FALSE,3,TRUE,Kaomoji
",,sleeping",(－_－) zzZ,FALSE,4,TRUE,Kaomoji
",,sleeping",(( _ _ ))..zzzZZ,FALSE,5,TRUE,Kaomoji
",,sleeping",(x . x) ~~zzZ,FALSE,6,TRUE,Kaomoji
",,sleeping",(∪｡∪)｡｡｡zzZ,FALSE,7,TRUE,Kaomoji
",,sleeping",(￣ρ￣)..zzZZ,FALSE,8,TRUE,Kaomoji
",,sleeping",(－ω－) zzZ,FALSE,9,TRUE,Kaomoji
",,sleeping",(－.－)...zzz,FALSE,10,TRUE,Kaomoji
",,cat",(=^･ω･^=),FALSE,1,TRUE,Kaomoji
",,cat",(= ; ｪ ; =),FALSE,2,TRUE,Kaomoji
",,cat",(=⌒‿‿⌒=),FALSE,3,TRUE,Kaomoji
",,cat",(＾• ω •＾),FALSE,4,TRUE,Kaomoji
",,cat",ଲ(ⓛ ω ⓛ)ଲ,FALSE,5,TRUE,Kaomoji
",,cat",ଲ(ⓛ ω ⓛ)ଲ,FALSE,6,TRUE,Kaomoji
",,cat",(^◔ᴥ◔^),FALSE,7,TRUE,Kaomoji
",,cat",ฅ(^◕ᴥ◕^)ฅ,FALSE,8,TRUE,Kaomoji
",,cat",(=^･ｪ･^=),FALSE,9,TRUE,Kaomoji
",,cat",(=`ω´=),FALSE,10,TRUE,Kaomoji
",,cat",(=^ ◡ ^=),FALSE,11,TRUE,Kaomoji
",,cat",(/ =ω=)/,FALSE,12,TRUE,Kaomoji
",,cat",(^=◕ᴥ◕=^),FALSE,13,TRUE,Kaomoji
",,cat",(^=◕ᴥ◕=^),FALSE,14,TRUE,Kaomoji
",,cat",(^◕ᴥ◕^),FALSE,15,TRUE,Kaomoji
",,cat",(=①ω①=),FALSE,16,TRUE,Kaomoji
",,cat",(=^‥^=),FALSE,17,TRUE,Kaomoji
",,cat",(=^-ω-^=),FALSE,18,TRUE,Kaomoji
",,cat",ฅ(•ㅅ•❀)ฅ,FALSE,19,TRUE,Kaomoji
",,cat",( =ω= ),FALSE,20,TRUE,Kaomoji
",,cat",( =ω= ),FALSE,21,TRUE,Kaomoji
",,cat",ต(=ω=)ต,FALSE,22,TRUE,Kaomoji
",,cat",( =ω=)..nyaa,FALSE,23,TRUE,Kaomoji
",,cat",( =ノωヽ=),FALSE,24,TRUE,Kaomoji
",,cat",ヾ(=`ω´=)ノ”,FALSE,25,TRUE,Kaomoji
",,cat",ฅ(• ɪ •)ฅ,FALSE,26,TRUE,Kaomoji
",,cat",(^˵◕ω◕˵^),FALSE,27,TRUE,Kaomoji
",,cat",( Φ ω Φ ),FALSE,28,TRUE,Kaomoji
",,bear",( ´(ｴ)ˋ ),FALSE,1,TRUE,Kaomoji
",,bear",(￣(ｴ)￣),FALSE,2,TRUE,Kaomoji
",,bear",⊂(´(ェ)ˋ)⊃,FALSE,3,TRUE,Kaomoji
",,bear",ʕ •ᴥ• ʔ,FALSE,4,TRUE,Kaomoji
",,bear",(*￣(ｴ)￣*),FALSE,5,TRUE,Kaomoji
",,bear",ヽ( ˋ(ｴ)´ )ﾉ,FALSE,6,TRUE,Kaomoji
",,bear",(/-(ｴ)-＼),FALSE,7,TRUE,Kaomoji
",,bear",ʕ •̀ ω •́ ʔ,FALSE,8,TRUE,Kaomoji
",,bear",ヽ(￣(ｴ)￣)ﾉ,FALSE,9,TRUE,Kaomoji
",,bear",⊂(￣(ｴ)￣)⊃,FALSE,10,TRUE,Kaomoji
",,bear",(/°(ｴ)°)/,FALSE,11,TRUE,Kaomoji
",,bear",ʕ •̀ o •́ ʔ,FALSE,12,TRUE,Kaomoji
",,bear",(／￣(ｴ)￣)／,FALSE,13,TRUE,Kaomoji
",,bear",(／(ｴ)＼),FALSE,14,TRUE,Kaomoji
",,bear",ʕ ᵔᴥᵔ ʔ,FALSE,15,TRUE,Kaomoji
",,bear",ʕಠᴥಠʔ,FALSE,16,TRUE,Kaomoji
",,dog",∪＾ェ＾∪,FALSE,1,TRUE,Kaomoji
",,dog",Ｕ^皿^Ｕ,FALSE,2,TRUE,Kaomoji
",,dog",U・ᴥ・U,FALSE,3,TRUE,Kaomoji
",,dog",∪･ω･∪,FALSE,4,TRUE,Kaomoji
",,dog",ＵＴｪＴＵ,FALSE,5,TRUE,Kaomoji
",,dog",∪￣-￣∪,FALSE,6,TRUE,Kaomoji
",,dog",U^ｪ^U,FALSE,7,TRUE,Kaomoji
",,dog",∪･ｪ･∪,FALSE,8,TRUE,Kaomoji
",,dog",V●ᴥ●V,FALSE,9,TRUE,Kaomoji
",,rabbit",／(≧ x ≦)＼,FALSE,1,TRUE,Kaomoji
",,rabbit",／(=･ x ･=)＼,FALSE,2,TRUE,Kaomoji
",,rabbit",／(･ × ･)＼,FALSE,3,TRUE,Kaomoji
",,rabbit",／(^ × ^)＼,FALSE,4,TRUE,Kaomoji
",,rabbit",／(=´x`=)＼,FALSE,5,TRUE,Kaomoji
",,rabbit",／(＞×＜)＼,FALSE,6,TRUE,Kaomoji
",,rabbit",／(^ x ^)＼,FALSE,7,TRUE,Kaomoji
",,rabbit",／(˃ᆺ˂)＼,FALSE,8,TRUE,Kaomoji
",,pig",( ´(00)ˋ ),FALSE,1,TRUE,Kaomoji
",,pig",＼(￣(oo)￣)／,FALSE,2,TRUE,Kaomoji
",,pig",(￣(ω)￣),FALSE,3,TRUE,Kaomoji
",,pig",｡ﾟ(ﾟ´(00)`ﾟ)ﾟ｡,FALSE,4,TRUE,Kaomoji
",,pig",ヽ( ˋ(00)´ )ノ,FALSE,5,TRUE,Kaomoji
",,pig",(￣(00)￣),FALSE,6,TRUE,Kaomoji
",,pig",( ´(oo)ˋ ),FALSE,7,TRUE,Kaomoji
",,pig",(ˆ(oo)ˆ),FALSE,8,TRUE,Kaomoji
",,bird",(￣Θ￣),FALSE,1,TRUE,Kaomoji
",,bird",＼( ˋ Θ ´ )／,FALSE,2,TRUE,Kaomoji
",,bird",(･Θ･),FALSE,3,TRUE,Kaomoji
",,bird",(`･Θ･´),FALSE,4,TRUE,Kaomoji
",,bird",(･θ･),FALSE,5,TRUE,Kaomoji
",,bird",( ˋ Θ ´ ),FALSE,6,TRUE,Kaomoji
",,bird",(・Θ・),FALSE,7,TRUE,Kaomoji
",,bird",(◉Θ◉),FALSE,8,TRUE,Kaomoji
",,bird",ヾ(￣◇￣)ノ〃,FALSE,9,TRUE,Kaomoji
",,fish",(°)#))<<,FALSE,1,TRUE,Kaomoji
",,fish",(°))<<,FALSE,2,TRUE,Kaomoji
",,fish",<・ )))><<,FALSE,3,TRUE,Kaomoji
",,fish",>^)))<～～,FALSE,4,TRUE,Kaomoji
",,fish",ζ°)))彡,FALSE,5,TRUE,Kaomoji
",,fish",≧( ° ° )≦,FALSE,6,TRUE,Kaomoji
",,fish",>°))))彡,FALSE,7,TRUE,Kaomoji
",,spider",/╲/\╭(ఠఠ益ఠఠ)╮/\╱\,FALSE,1,TRUE,Kaomoji
",,spider",/╲/\╭[ ᴼᴼ ౪ ᴼᴼ]╮/\╱\,FALSE,2,TRUE,Kaomoji
",,spider",/╲/\╭(ರರ⌓ರರ)╮/\╱\,FALSE,3,TRUE,Kaomoji
",,spider",/╲/\( •̀ ω •́ )/\╱\,FALSE,4,TRUE,Kaomoji
",,spider",/╲/\╭༼ ººل͟ºº ༽╮/\╱\,FALSE,5,TRUE,Kaomoji
",,spider",/╲/\╭[☉﹏☉]╮/\╱\,FALSE,6,TRUE,Kaomoji
",,spider",/╲/\╭( ͡°͡° ͜ʖ ͡°͡°)╮/\╱\,FALSE,7,TRUE,Kaomoji
",,friends",ヾ(・ω・)メ(・ω・)ノ,FALSE,1,TRUE,Kaomoji
",,friends",(*^ω^)八(⌒▽⌒)八(-‿‿- )ヽ,FALSE,2,TRUE,Kaomoji
",,friends",ヽ( ⌒ω⌒)人(=^‥^= )ﾉ,FALSE,3,TRUE,Kaomoji
",,friends",｡*:☆(・ω・人・ω・)｡:゜☆｡,FALSE,4,TRUE,Kaomoji
",,friends",(°(°ω(°ω°(☆ω☆)°ω°)ω°)°),FALSE,5,TRUE,Kaomoji
",,friends",(っ˘▽˘)(˘▽˘)˘▽˘ς),FALSE,6,TRUE,Kaomoji
",,friends",(*＾ω＾)人(＾ω＾*),FALSE,7,TRUE,Kaomoji
",,friends",＼(▽￣ \ (￣▽￣) / ￣▽)／,FALSE,8,TRUE,Kaomoji
",,friends",ヽ(∀° )人( °∀)ノ,FALSE,9,TRUE,Kaomoji
",,friends",＼(＾∀＾)メ(＾∀＾)ノ,FALSE,10,TRUE,Kaomoji
",,friends",ヽ(≧◡≦)八(o^ ^o)ノ,FALSE,11,TRUE,Kaomoji
",,friends",o(^^o)(o^^o)(o^^o)(o^^)o,FALSE,12,TRUE,Kaomoji
",,friends",ヾ(・ω・`)ノヾ(´・ω・)ノ゛,FALSE,13,TRUE,Kaomoji
",,friends",(((*°▽°*)八(*°▽°*))),FALSE,14,TRUE,Kaomoji
",,friends",٩(๑･ิᴗ･ิ)۶٩(･ิᴗ･ิ๑)۶,FALSE,15,TRUE,Kaomoji
",,friends",\( ˙▿˙ )/\( ˙▿˙ )/,FALSE,16,TRUE,Kaomoji
",,friends",ヽ( ⌒o⌒)人(⌒-⌒ )ﾉ,FALSE,17,TRUE,Kaomoji
",,friends",ヾ(￣ー￣(≧ω≦*)ゝ,FALSE,18,TRUE,Kaomoji
",,friends",(*・∀・)爻(・∀・*),FALSE,19,TRUE,Kaomoji
",,friends",(((￣(￣(￣▽￣)￣)￣))),FALSE,20,TRUE,Kaomoji
",,friends",Ψ( `∀)(∀´ )Ψ,FALSE,21,TRUE,Kaomoji
",,friends",☆ヾ(*´・∀・)ﾉヾ(・∀・`*)ﾉ☆,FALSE,22,TRUE,Kaomoji
",,friends",(☞°ヮ°)☞ ☜(°ヮ°☜),FALSE,23,TRUE,Kaomoji
",,enemies",ヽ( ･∀･)ﾉ_θ彡☆Σ(ノ `Д´)ノ,FALSE,1,TRUE,Kaomoji
",,enemies",(*`0´)θ☆(メ°皿°)ﾉ,FALSE,2,TRUE,Kaomoji
",,enemies",(; -_-)――――――C<―_-),FALSE,3,TRUE,Kaomoji
",,enemies",ヽ(>_<ヽ) ―⊂|=0ヘ(^‿^ ),FALSE,4,TRUE,Kaomoji
",,enemies",(҂` ﾛ ´)︻デ═一 ＼(º □ º l|l)/,FALSE,5,TRUE,Kaomoji
",,enemies",/( .□.)＼ ︵╰(°益°)╯︵ /(.□. /),FALSE,6,TRUE,Kaomoji
",,enemies",(`⌒*)O-(`⌒´Q),FALSE,7,TRUE,Kaomoji
",,enemies",(っ•﹏•)っ ✴==≡눈٩(`皿´҂)ง,FALSE,8,TRUE,Kaomoji
",,enemies",(*´∇`)┌θ☆(ﾉ>_<)ﾉ,FALSE,9,TRUE,Kaomoji
",,enemies",(o¬‿¬o )...☆ﾐ(*x_x),FALSE,10,TRUE,Kaomoji
",,enemies",＜( ￣︿￣)︵θ︵θ︵☆(＞口＜－),FALSE,11,TRUE,Kaomoji
",,enemies",ヘ(>_<ヘ) ￢o(￣‿￣ﾒ),FALSE,12,TRUE,Kaomoji
",,enemies",(╯°Д°)╯︵ /(.□ . ＼),FALSE,13,TRUE,Kaomoji
",,enemies",(ﾉ-.-)ﾉ….((((((((((((●~* ( >_<),FALSE,14,TRUE,Kaomoji
",,enemies",(((ง’ω’)و三 ง’ω’)ڡ≡ ☆⌒ﾐ((x_x),FALSE,15,TRUE,Kaomoji
",,enemies",(｢• ω •)｢ (⌒ω⌒`),FALSE,16,TRUE,Kaomoji
",,enemies",( ￣ω￣)ノﾞ⌒☆ﾐ(o _ _)o,FALSE,17,TRUE,Kaomoji
",,enemies",(╬￣皿￣)=○＃(￣#)３￣),FALSE,18,TRUE,Kaomoji
",,enemies",(￣ε(#￣)☆╰╮o(￣▽￣///),FALSE,19,TRUE,Kaomoji
",,enemies",",,((( ￣□)_／ ＼_(○￣ ))),,",FALSE,20,TRUE,Kaomoji
",,enemies",(¬_¬'')ԅ(￣ε￣ԅ),FALSE,21,TRUE,Kaomoji
",,enemies",!!(ﾒ￣ ￣)_θ☆°0°)/,FALSE,22,TRUE,Kaomoji
",,enemies",(งಠ_ಠ)ง σ( •̀ ω •́ σ),FALSE,23,TRUE,Kaomoji
",,enemies",( °ᴗ°)~ð (/❛o❛\),FALSE,24,TRUE,Kaomoji
",,weapons",( ・∀・)・・・--------☆,FALSE,1,TRUE,Kaomoji
",,weapons",( -ω-)／占~~~~~,FALSE,2,TRUE,Kaomoji
",,weapons",○∞∞∞∞ヽ(^ー^ ),FALSE,3,TRUE,Kaomoji
",,weapons",(*＾＾)/~~~~~~~~~~◎,FALSE,4,TRUE,Kaomoji
",,weapons",((( ￣□)_／,FALSE,5,TRUE,Kaomoji
",,weapons",(ﾒ￣▽￣)︻┳═一,FALSE,6,TRUE,Kaomoji
",,weapons",(/-_・)/D・・・・・------ →,FALSE,7,TRUE,Kaomoji
",,weapons",(/・・)ノ (( く ((へ,FALSE,8,TRUE,Kaomoji
",,weapons",(; ・_・)――――C,FALSE,9,TRUE,Kaomoji
",,weapons",￢o(￣-￣ﾒ),FALSE,10,TRUE,Kaomoji
",,weapons",(ﾒ` ﾛ ´)︻デ═一,FALSE,11,TRUE,Kaomoji
",,weapons",✴==≡눈٩(`皿´҂)ง,FALSE,12,TRUE,Kaomoji
",,weapons",(^ω^)ノﾞ(((((((((●～*,FALSE,13,TRUE,Kaomoji
",,weapons",―⊂|=0ヘ(^^ ),FALSE,14,TRUE,Kaomoji
",,weapons",(ಠ o ಠ)¤=[]:::::>,FALSE,15,TRUE,Kaomoji
",,weapons",―(T_T)→,FALSE,16,TRUE,Kaomoji
",,weapons",( ´-ω･)︻┻┳══━一,FALSE,17,TRUE,Kaomoji
",,weapons",Q(`⌒´Q),FALSE,18,TRUE,Kaomoji
",,magic",(ノ ˘_˘)ノ ζ|||ζ ζ|||ζ ζ|||ζ,FALSE,1,TRUE,Kaomoji
",,magic",(ノ°∀°)ノ⌒･*:.｡. .｡.:*･゜ﾟ･*☆,FALSE,2,TRUE,Kaomoji
",,magic",(⊃｡•́‿•̀｡)⊃━✿✿✿✿✿✿,FALSE,3,TRUE,Kaomoji
",,magic",(∩` ﾛ ´)⊃━炎炎炎炎炎,FALSE,4,TRUE,Kaomoji
",,magic",(ﾉ≧∀≦)ﾉ ‥…━━━★,FALSE,5,TRUE,Kaomoji
",,magic",╰( ͡° ͜ʖ ͡° )つ──☆*:・ﾟ,FALSE,6,TRUE,Kaomoji
",,magic",(∩ᄑ_ᄑ)⊃━☆ﾟ*･｡*･:≡( ε:),FALSE,7,TRUE,Kaomoji
",,magic","(ﾉ>ω<)ﾉ :｡･:*:･ﾟ’★,｡･:*:･ﾟ’☆",FALSE,8,TRUE,Kaomoji
",,magic",(＃￣□￣)o━∈・・━━━━☆,FALSE,9,TRUE,Kaomoji
",,magic",(/￣ー￣)/~~☆’.･.･:★’.･.･:☆,FALSE,10,TRUE,Kaomoji
",,food",(っ˘ڡ˘ς),FALSE,1,TRUE,Kaomoji
",,food",( ˘▽˘)っ♨,FALSE,2,TRUE,Kaomoji
",,food",( ・ω・)⊃-[二二],FALSE,3,TRUE,Kaomoji
",,food",(*´ー`)旦 旦(￣ω￣*),FALSE,4,TRUE,Kaomoji
",,food",( ￣▽￣)[] [](≧▽≦ ),FALSE,5,TRUE,Kaomoji
",,food",(*￣▽￣)旦 且(´∀`*),FALSE,6,TRUE,Kaomoji
",,food",( o˘◡˘o) ┌iii┐,FALSE,7,TRUE,Kaomoji
",,food",♨o(>_<)o♨,FALSE,8,TRUE,Kaomoji
",,food",( ・・)つ―{}@{}@{}-,FALSE,9,TRUE,Kaomoji
",,food",(*´з`)口ﾟ｡ﾟ口(・∀・ ),FALSE,10,TRUE,Kaomoji
",,food",( *^^)o∀*∀o(^^* ),FALSE,11,TRUE,Kaomoji
",,food",-●●●-ｃ(・・ ),FALSE,12,TRUE,Kaomoji
",,food",( ’ω’)旦~~,FALSE,13,TRUE,Kaomoji
",,food",( ・ω・)o-{{[〃]}},FALSE,14,TRUE,Kaomoji
",,food",( ・・)つ-●●●,FALSE,15,TRUE,Kaomoji
",,food",( o^ ^o)且 且(´ω`*),FALSE,16,TRUE,Kaomoji
",,food",( ^^)_旦~~ ~~U_(^^ ),FALSE,17,TRUE,Kaomoji
",,food",( ・・)つ―●○◎-,FALSE,18,TRUE,Kaomoji
",,music",ヾ(´〇`)ﾉ♪♪♪,FALSE,1,TRUE,Kaomoji
",,music",ヽ(o´∀`)ﾉ♪♬,FALSE,2,TRUE,Kaomoji
",,music",♪♬((d⌒ω⌒b))♬♪,FALSE,3,TRUE,Kaomoji
",,music",└(＾＾)┐,FALSE,4,TRUE,Kaomoji
",,music",(￣▽￣)/♫•*¨*•.¸¸♪,FALSE,5,TRUE,Kaomoji
",,music",ヾ(⌐■_■)ノ♪,FALSE,6,TRUE,Kaomoji
",,music",乁( • ω •乁),FALSE,7,TRUE,Kaomoji
",,music",♬♫♪◖(● o ●)◗♪♫♬,FALSE,8,TRUE,Kaomoji
",,music",ヘ(￣ω￣ヘ),FALSE,9,TRUE,Kaomoji
",,music",(ﾉ≧∀≦)ﾉ,FALSE,10,TRUE,Kaomoji
",,music",└(￣-￣└)),FALSE,11,TRUE,Kaomoji
",,music",┌(＾＾)┘,FALSE,12,TRUE,Kaomoji
",,music",(^_^♪),FALSE,13,TRUE,Kaomoji
",,music",(〜￣△￣)〜,FALSE,14,TRUE,Kaomoji
",,music",(｢• ω •)｢,FALSE,15,TRUE,Kaomoji
",,music",( ˘ ɜ˘) ♬♪♫,FALSE,16,TRUE,Kaomoji
",,music",(〜￣▽￣)〜,FALSE,17,TRUE,Kaomoji
",,music",♪ヽ(^^ヽ)♪,FALSE,18,TRUE,Kaomoji
",,music",((┘￣ω￣)┘,FALSE,19,TRUE,Kaomoji
",,music",＼(￣▽￣)＼,FALSE,20,TRUE,Kaomoji
",,music",(~˘▽˘)~,FALSE,21,TRUE,Kaomoji
",,music",(~‾▽‾)~,FALSE,22,TRUE,Kaomoji
",,music",⁽⁽◝( • ω • )◜⁾⁾,FALSE,23,TRUE,Kaomoji
",,music",♪♪♪ ヽ(ˇ∀ˇ )ゞ,FALSE,24,TRUE,Kaomoji
",,music",〜(￣▽￣〜),FALSE,25,TRUE,Kaomoji
",,music",♪(/_ _ )/♪,FALSE,26,TRUE,Kaomoji
",,music",√(￣‥￣√),FALSE,27,TRUE,Kaomoji
",,music",／(￣▽￣)／,FALSE,28,TRUE,Kaomoji
",,music",~(˘▽˘~),FALSE,29,TRUE,Kaomoji
",,music",~(˘▽˘)~,FALSE,30,TRUE,Kaomoji
",,music",✺◟( • ω • )◞✺,FALSE,31,TRUE,Kaomoji
",,music",(ˇ▽ˇ)ノ♪♬♫,FALSE,32,TRUE,Kaomoji
",,games",( ^^)p_____|_o____q(^^ ),FALSE,1,TRUE,Kaomoji
",,games",ヽ(^o^)ρ┳┻┳°σ(^o^)ノ,FALSE,2,TRUE,Kaomoji
",,games",( ノ-_-)ノﾞ_□ VS □_ヾ(^-^ヽ),FALSE,3,TRUE,Kaomoji
",,games",Ю ○三 ＼(￣^￣＼),FALSE,4,TRUE,Kaomoji
",,games",(／o^)/ °⊥ ＼(^o＼),FALSE,5,TRUE,Kaomoji
",,games",(／_^)／ ● ＼(^_＼),FALSE,6,TRUE,Kaomoji
",,games",ヽ(；^ ^)ノﾞ ．．．...___〇,FALSE,7,TRUE,Kaomoji
",,games",!(;ﾟoﾟ)o/￣￣￣￣￣￣￣~ >ﾟ))))彡,FALSE,8,TRUE,Kaomoji
",,games","""( (≡|≡))_／ ＼_((≡|≡) )""",FALSE,9,TRUE,Kaomoji
",,games",(=O*_*)=O Q(*_*Q),FALSE,10,TRUE,Kaomoji
",,faces",( ͡° ͜ʖ ͡°),FALSE,1,TRUE,Kaomoji
",,faces",( . •́ _ʖ •̀ .),FALSE,2,TRUE,Kaomoji
",,faces",( ಠ ͜ʖ ಠ),FALSE,3,TRUE,Kaomoji
",,faces",( ͡ ͜ʖ ͡ ),FALSE,4,TRUE,Kaomoji
",,faces",(ʘ ͜ʖ ʘ),FALSE,5,TRUE,Kaomoji
",,faces",( ͡° ʖ̯ ͡°),FALSE,6,TRUE,Kaomoji
",,faces",( ఠ ͟ʖ ఠ),FALSE,7,TRUE,Kaomoji
",,faces",( ಥ ʖ̯ ಥ),FALSE,8,TRUE,Kaomoji
",,faces",(≖ ͜ʖ≖),FALSE,9,TRUE,Kaomoji
",,faces",(;´༎ຶٹ༎ຶ`),FALSE,10,TRUE,Kaomoji
",,faces",( ͠° ͟ʖ ͡°),FALSE,11,TRUE,Kaomoji
",,faces",( ͡ಠ ʖ̯ ͡ಠ),FALSE,12,TRUE,Kaomoji
",,faces",( ͡• ͜ʖ ͡• ),FALSE,13,TRUE,Kaomoji
",,faces",(ʘ ʖ̯ ʘ),FALSE,14,TRUE,Kaomoji
",,faces",( ͡ᵔ ͜ʖ ͡ᵔ),FALSE,15,TRUE,Kaomoji
",,faces",( ಠ ʖ̯ ಠ),FALSE,16,TRUE,Kaomoji
",,faces",( ･ิ ͜ʖ ･ิ),FALSE,17,TRUE,Kaomoji
",,faces",(ʘ ͟ʖ ʘ),FALSE,18,TRUE,Kaomoji
",,fliptable",(╯°□°）╯︵ ┻━┻,FALSE,1,TRUE,Kaomoji
",,fliptable",(┛◉Д◉)┛彡┻━┻,FALSE,2,TRUE,Kaomoji
",,fliptable",(ﾉ≧∇≦)ﾉ ﾐ ┸━┸,FALSE,3,TRUE,Kaomoji
",,fliptable",(ノಠ益ಠ)ノ彡┻━┻,FALSE,4,TRUE,Kaomoji
",,fliptable",(╯ರ ~ ರ）╯︵ ┻━┻,FALSE,5,TRUE,Kaomoji
",,fliptable",(┛ಸ_ಸ)┛彡┻━┻,FALSE,6,TRUE,Kaomoji
",,fliptable",(ﾉ´･ω･)ﾉ ﾐ ┸━┸,FALSE,7,TRUE,Kaomoji
",,fliptable","(ノಥ,_｣ಥ)ノ彡┻━┻",FALSE,8,TRUE,Kaomoji
",,fliptable",(┛✧Д✧))┛彡┻━┻,FALSE,9,TRUE,Kaomoji
",,fliptable",┻━┻ ︵ヽ(`Д´)ﾉ︵ ┻━┻,FALSE,10,TRUE,Kaomoji
",,fliptable",┻━┻ ︵ ¯\(ツ)/¯ ︵ ┻━┻,FALSE,11,TRUE,Kaomoji
",,fliptable",(ノTДT)ノ ┫:･’.::･┻┻:･’.::･,FALSE,12,TRUE,Kaomoji
",,fliptable",(ノ｀⌒´)ノ ┫：・’.：：・┻┻：・’.：：・,FALSE,13,TRUE,Kaomoji
",,fliptable",(ﾉ*｀▽´*)ﾉ ⌒┫ ┻ ┣ ┳,FALSE,14,TRUE,Kaomoji
",,fliptable",┻━┻ミ＼(≧ﾛ≦＼),FALSE,15,TRUE,Kaomoji
",,fliptable",┻━┻︵└(՞▃՞ └),FALSE,16,TRUE,Kaomoji
",,fliptable",┻━┻︵└(´▃｀└),FALSE,17,TRUE,Kaomoji
",,fliptable",─=≡Σ((((╯°□°）╯︵ ┻━┻,FALSE,18,TRUE,Kaomoji
",,fliptable",(ノ｀´)ノ ~┻━┻,FALSE,19,TRUE,Kaomoji
",,fliptable",(-_- )ﾉ⌒┫ ┻ ┣,FALSE,20,TRUE,Kaomoji
",,fliptable",(ノ￣皿￣）ノ ⌒=== ┫,FALSE,21,TRUE,Kaomoji
",,fliptable",ノ｀⌒´)ノ ┫：・’.：：・┻┻,FALSE,22,TRUE,Kaomoji
",,fliptable",༼ﾉຈل͜ຈ༽ﾉ︵┻━┻,FALSE,23,TRUE,Kaomoji
",,fliptable",ヽ༼ຈل͜ຈ༽ﾉ⌒┫ ┻ ┣,FALSE,24,TRUE,Kaomoji
",,fliptable",ﾐ┻┻(ﾉ>｡<)ﾉ,FALSE,25,TRUE,Kaomoji
",,fliptable",.::･┻┻☆()ﾟOﾟ),FALSE,26,TRUE,Kaomoji
",,fliptable",Take that! (ノʘ言ʘ)ﾉ ⌒┫ ┻ ┣ ┳☆(>｡☆),FALSE,27,TRUE,Kaomoji
",,fliptable",(ノ｀m´)ノ ~┻━┻ (/o＼),FALSE,28,TRUE,Kaomoji
",,fliptable",⌒┫ ┻ ┣ ⌒┻☆)ﾟ⊿ﾟ)ﾉWTF!,FALSE,29,TRUE,Kaomoji
",,fliptable",(ﾉ≧∇≦)ﾉ ﾐ ┸┸)`νﾟ)･;’.,FALSE,30,TRUE,Kaomoji
",,fliptable",ミ(ノ￣^￣)ノ≡≡≡≡≡━┳━☆()￣□￣)/,FALSE,31,TRUE,Kaomoji